[
    {
        "name": "setName",
        "inputs": [
            {
                "name": "msg",
                "type": "string"
            }
        ],
        "outputs": [],
        "constant": "false",
        "type": "function"
    },
    {
        "name": "getName",
        "inputs": [],
        "outputs": [
            {
                "name": "",
                "type": "string"
            }
        ],
        "constant": "true",
        "type": "function"
    },
    {
        "name": "setName",
        "inputs": [
            {
                "type": "string"
            }
        ],
        "type": "event"
    }
]